pae*,name
/,TOP
/xmlrpc.php*,Function
/wp-content/*,Function
/wp-login.php*,Function
/feed*,Function
/wp-includes/*,Function
/wp-admin/*,Function
/rt/*,Application
/cgi-bin/*,Application
/products/*,Product
/robots.txt*,RobotsTxt
http://*,TOP
/blog/*,Blog
/favicon.ico*,Function
/wp-cron.php*,Function
/using-cloud-computing-extend-marketing-attribution-analysis-big-data/*,Content
/category/*,Content
/images/*,Function
/analyzing-500m-log-records-using-spark-one-developers-experience/*,Content
/about/*,About
/contact/*,About
/feed/*,Function
/stream-zip-file/*,Content
/wp-comments-post.php*,Function
/wp-login.php;admin*,Function
/corporate/*,About
/get-free-trial/*,Trial
/big-data-log-analysis-approaches-part-one/*,Content
/white-paper-download/*,Download
/case-study-download/*,Download
/essentia/*,Content
/essentia-benchmark-results/*,Content
/comments/*,Content
/blps-now-essentia/*,Content
*,Other
